{
  "config": "configs/experiment.yaml",
  "num_rounds_found": 4,
  "rounds": [
    {
      "round": 0,
      "n_eval": 20,
      "mock": false,
      "length": 164.25,
      "structural_complexity": 0.0,
      "reasoning_narration_density": 4.705049366767997,
      "hedge_density": 0.2024005616174726,
      "epistemic_marker_density": 5.156346510988092,
      "factuality": 0.3,
      "information_density": 0.0058815007519461525,
      "rescored": true,
      "judge_parse_failures_total_instance": 0
    },
    {
      "round": 1,
      "n_eval": 20,
      "mock": false,
      "length": 162.75,
      "structural_complexity": 0.0,
      "reasoning_narration_density": 4.777820363374023,
      "hedge_density": 0.15089543595064528,
      "epistemic_marker_density": 5.089643383726612,
      "factuality": 0.4,
      "information_density": 0.005895726488024571,
      "rescored": true,
      "judge_win_rate_vs_round_0": 0.7,
      "judge_parse_failures_total_instance": 0
    },
    {
      "round": 2,
      "n_eval": 20,
      "mock": false,
      "length": 162.1,
      "structural_complexity": 0.1,
      "reasoning_narration_density": 4.011030695842839,
      "hedge_density": 0.11783334304754134,
      "epistemic_marker_density": 4.477473707534952,
      "factuality": 0.275,
      "information_density": 0.005887197894326566,
      "judge_win_rate_vs_round_0": 0.65,
      "judge_parse_failures_total_instance": 0
    },
    {
      "round": 3,
      "n_eval": 20,
      "mock": false,
      "length": 164.55,
      "structural_complexity": 0.0,
      "reasoning_narration_density": 4.1658402040086395,
      "hedge_density": 0.06176605154796402,
      "epistemic_marker_density": 4.5096532150444535,
      "factuality": 0.45,
      "information_density": 0.005882247414687566,
      "judge_win_rate_vs_round_0": 0.7,
      "judge_parse_failures_total_instance": 0
    }
  ],
  "series_length": [
    [
      0,
      164.25
    ],
    [
      1,
      162.75
    ],
    [
      2,
      162.1
    ],
    [
      3,
      164.55
    ]
  ],
  "series_structural_complexity": [
    [
      0,
      0.0
    ],
    [
      1,
      0.0
    ],
    [
      2,
      0.1
    ],
    [
      3,
      0.0
    ]
  ],
  "series_reasoning_narration_density": [
    [
      0,
      4.705049366767997
    ],
    [
      1,
      4.777820363374023
    ],
    [
      2,
      4.011030695842839
    ],
    [
      3,
      4.1658402040086395
    ]
  ],
  "series_hedge_density": [
    [
      0,
      0.2024005616174726
    ],
    [
      1,
      0.15089543595064528
    ],
    [
      2,
      0.11783334304754134
    ],
    [
      3,
      0.06176605154796402
    ]
  ],
  "series_factuality": [
    [
      0,
      0.3
    ],
    [
      1,
      0.4
    ],
    [
      2,
      0.275
    ],
    [
      3,
      0.45
    ]
  ],
  "series_information_density": [
    [
      0,
      0.0058815007519461525
    ],
    [
      1,
      0.005895726488024571
    ],
    [
      2,
      0.005887197894326566
    ],
    [
      3,
      0.005882247414687566
    ]
  ],
  "series_judge_win_rate_vs_round_0": [
    [
      0,
      null
    ],
    [
      1,
      0.7
    ],
    [
      2,
      0.65
    ],
    [
      3,
      0.7
    ]
  ],
  "series_epistemic_marker_density": [
    [
      0,
      5.156346510988092
    ],
    [
      1,
      5.089643383726612
    ],
    [
      2,
      4.477473707534952
    ],
    [
      3,
      4.5096532150444535
    ]
  ]
}